SessionType,Schedule,AnimalID,CellID,numEvents,numAnalyzedEvents,zScorePre,zScorePost,DPrimeSig,DPrimeCategory,zScoreOverall_ 1,zScoreOverall_ 2,zScoreOverall_ 3,zScoreOverall_ 4,zScoreOverall_ 5,zScoreOverall_ 6,zScoreOverall_ 7,zScoreOverall_ 8,zScoreOverall_ 9,zScoreOverall_10,zScoreOverall_11,zScoreOverall_12,zScoreOverall_13,zScoreOverall_14,zScoreOverall_15,zScoreOverall_16,zScoreOverall_17,zScoreOverall_18,zScoreOverall_19,zScoreOverall_20,zScoreOverall_21,zScoreOverall_22,zScoreOverall_23,zScoreOverall_24,zScoreOverall_25,zScoreOverall_26,zScoreOverall_27,zScoreOverall_28,zScoreOverall_29,zScoreOverall_30,zScoreOverall_31,zScoreOverall_32,zScoreOverall_33,zScoreOverall_34,zScoreOverall_35,zScoreOverall_36,zScoreOverall_37,zScoreOverall_38,zScoreOverall_39,zScoreOverall_40,zScoreOverall_41,zScoreOverall_42,zScoreOverall_43,zScoreOverall_44,zScoreOverall_45,zScoreOverall_46,zScoreOverall_47,zScoreOverall_48,zScoreOverall_49,zScoreOverall_50,zScoreOverall_51,zScoreOverall_52,zScoreOverall_53,zScoreOverall_54,zScoreOverall_55,zScoreOverall_56,zScoreOverall_57,zScoreOverall_58,zScoreOverall_59,zScoreOverall_60,zScoreOverall_61
ContDeg,LL,M16,1,8,8,-0.213895396837072,0.972251803804873,1,increase,-0.548449735479672,-0.548449735479672,-0.548449735479672,-0.548449735479672,-0.548449735479672,-0.548449735479672,-0.548449735479672,-0.548449735479672,-0.548449735479672,-0.548449735479672,-0.548449735479672,-0.548449735479672,-0.548449735479672,-0.548449735479672,-0.548449735479672,-0.548449735479672,-0.548449735479672,-0.548449735479672,-0.548449735479672,-0.548449735479672,-0.548449735479672,-0.548449735479672,-0.548449735479672,-0.548449735479672,-0.548449735479672,1.12432195773333,1.12432195773333,1.12432195773333,1.12432195773333,2.79709365094633,1.12432195773333,1.12432195773333,1.12432195773333,1.12432195773333,-0.548449735479672,-0.548449735479672,-0.548449735479672,-0.548449735479672,1.12432195773333,1.12432195773333,2.79709365094633,2.79709365094633,2.79709365094633,1.12432195773333,1.12432195773333,-0.548449735479672,-0.548449735479672,-0.548449735479672,-0.548449735479672,-0.548449735479672,-0.548449735479672,-0.548449735479672,-0.548449735479672,-0.548449735479672,-0.548449735479672,-0.548449735479672,-0.548449735479672,-0.548449735479672,-0.548449735479672,-0.548449735479672,-0.548449735479672
ContDeg,LL,M16,2,8,8,0.0231113903572654,-0.105051774351205,0,nochange,1.79522579134276,0.633945056752003,0.750073130211079,0.401688909833852,-0.295079530920602,0.401688909833852,0.401688909833852,-0.295079530920602,0.401688909833852,1.09845735058831,0.750073130211079,0.750073130211079,1.09845735058831,0.0533046894566251,-0.295079530920602,-0.643463751297829,-0.643463751297829,-0.991847971675056,-0.643463751297829,0.750073130211079,1.44684157096553,2.14361001171999,2.49199423209721,3.18876267285167,1.44684157096553,0.750073130211079,0.401688909833852,0.401688909833852,-0.643463751297829,-0.295079530920602,-0.295079530920602,-0.643463751297829,-0.295079530920602,-0.295079530920602,-0.295079530920602,0.0533046894566251,-0.295079530920602,-0.643463751297829,0.0533046894566251,0.0533046894566251,0.750073130211079,0.750073130211079,0.750073130211079,0.0533046894566251,0.0533046894566251,-0.643463751297829,-0.643463751297829,-0.991847971675056,-0.991847971675056,-1.34023219205228,-1.34023219205228,-0.991847971675056,-0.991847971675056,-0.643463751297829,-0.643463751297829,-0.643463751297829,-0.991847971675056,-0.991847971675056,-1.34023219205228,-1.68861641242951,-1.68861641242951
ContDeg,LL,M16,3,8,8,-0.00822072999464755,0.0373669545211249,0,nochange,-2.19980645227141,-1.03900892987906,-0.45861016868288,-0.342530416443645,0.00570884027406068,0.818267105948708,0.934346858187943,0.818267105948708,1.51474561938412,1.16650636266641,0.121788592513296,-0.574689920922116,-0.22645066420441,-0.45861016868288,-0.574689920922115,0.00570884027406094,0.470027849231001,0.00570884027406068,-0.342530416443645,-0.22645066420441,-0.922929177639821,-1.03900892987906,-0.922929177639821,-0.110370911965174,-0.342530416443645,0.00570884027406068,-0.110370911965174,0.00570884027406094,-0.922929177639822,-0.690769673161351,-0.690769673161351,-0.342530416443645,0.470027849231001,0.470027849231002,0.818267105948707,1.39866586714488,1.63082537162335,0.702187353709472,0.934346858187943,0.586107601470237,0.702187353709472,0.00570884027406068,0.00570884027406068,-0.22645066420441,-0.110370911965175,-1.15508868211829,-1.38724818659676,-1.38724818659676,-0.45861016868288,-0.922929177639821,-0.690769673161351,-0.22645066420441,0.237868344752531,-0.806849425400586,-0.806849425400586,0.121788592513296,0.00570884027406094,-0.342530416443645,1.05042661042718,1.28258611490565,4.76497868208271
ContDeg,LL,M16,4,8,8,0.168760345440506,-0.767092479275025,1,decrease,-2.75888288351227,-0.377394356706868,-0.377394356706868,1.52779646473746,0.575201054015295,1.52779646473746,2.48039187545962,2.00409417009854,1.52779646473746,2.00409417009854,0.575201054015295,0.575201054015295,1.52779646473746,0.0989033486542141,0.0989033486542141,0.0989033486542141,0.575201054015295,-0.853692062067949,-0.853692062067949,-0.853692062067949,0.0989033486542136,-0.377394356706868,0.0989033486542141,0.575201054015295,1.05149875937638,0.0989033486542141,-0.853692062067949,-1.32998976742903,-0.853692062067949,-1.32998976742903,-0.853692062067949,-0.853692062067949,-0.853692062067949,-0.377394356706868,-0.377394356706868,-0.853692062067949,-0.853692062067949,0.0989033486542136,-0.853692062067949,-0.853692062067949,-0.377394356706868,-0.377394356706868,-0.853692062067949,-0.853692062067949,0.0989033486542136,0.0989033486542136,0.575201054015295,1.52779646473746,1.05149875937638,0.0989033486542136,0.0989033486542136,0.0989033486542141,-0.853692062067949,-0.377394356706868,-0.853692062067949,0.575201054015295,0.0989033486542141,-0.377394356706868,0.0989033486542141,-1.171223865642,2.00409417009854
ContDeg,LL,M16,5,8,8,0.0815633062537553,-0.370742301153431,0,nochange,-0.691008383416904,0.854134995924413,0.606912055229804,0.792329260750762,0.236077644187887,-0.691008383416904,-0.876425588937862,-1.24725999997978,-0.876425588937862,0.236077644187887,0.0506604386669285,-0.13475676685403,0.0506604386669285,-0.691008383416904,-1.24725999997978,-0.876425588937862,-0.691008383416904,-0.320173972374987,-0.320173972374987,-0.320173972374987,-0.134756766854029,0.236077644187887,-0.134756766854029,-0.320173972374987,-0.320173972374987,-0.505591177895945,0.606912055229803,0.236077644187888,1.16316367179268,1.16316367179268,0.606912055229803,-0.876425588937862,-1.06184279445882,-1.61809441102169,-1.98892882206361,-1.80351161654265,-1.24725999997978,-0.505591177895946,-0.876425588937862,-0.320173972374987,0.792329260750762,1.16316367179268,0.977746466271719,2.27566690491843,2.46108411043939,1.90483249387651,0.97774646627172,0.97774646627172,0.606912055229803,0.421494849708845,-0.134756766854029,0.421494849708845,0.421494849708845,0.792329260750761,0.421494849708846,0.97774646627172,1.34858087731364,0.792329260750762,-0.505591177895946,-0.691008383416904,-2.54518043862649
ContDeg,LL,M16,6,8,8,-0.203781341701459,0.926278825915728,1,increase,-0.120894010324948,-1.33982535409716,-0.852252816588277,-1.21793221971994,-0.30373371189078,-0.669413115022446,-0.303733711890781,-0.486573413456612,-0.120894010324948,-0.486573413456613,-0.486573413456612,-0.669413115022444,-1.21793221971994,-1.40077192128577,-1.40077192128577,-1.76645132441744,-1.58361162285161,-1.03509251815411,-0.669413115022446,0.610464795938382,1.70750300533338,1.52466330376754,2.25602211003087,1.89034270689921,0.793304497504213,0.427625094372548,0.793304497504213,0.793304497504213,1.15898390063588,2.07318240846504,2.25602211003087,1.34182360220171,1.15898390063588,0.793304497504213,0.0619456912408834,-0.669413115022446,0.976144199070045,0.244785392806717,0.244785392806718,0.427625094372548,0.976144199070045,-0.669413115022445,-0.852252816588278,-0.486573413456613,-0.303733711890781,-1.03509251815411,-0.120894010324948,0.061945691240885,-0.30373371189078,-1.03509251815411,-0.120894010324948,-0.852252816588277,-0.486573413456612,0.61046479593838,0.610464795938382,0.42762509437255,0.793304497504213,0.0619456912408834,-0.852252816588278,-1.03509251815411,-0.120894010324948
ContDeg,LL,M16,7,8,8,0.0391584587329456,-0.177992994240662,0,nochange,-2.38056950034487,-0.0509212727346497,0.415008372787395,1.81279730935353,0.415008372787395,1.34686766383148,2.27872695487557,1.34686766383148,1.34686766383148,1.81279730935353,0.880938018309439,-0.0509212727346497,1.81279730935353,0.415008372787395,0.880938018309439,0.880938018309439,1.34686766383148,-0.516850918256694,-0.516850918256694,-0.982780563778738,-0.516850918256694,-0.982780563778738,-0.982780563778738,-0.982780563778738,-0.982780563778738,-1.44871020930078,-1.44871020930078,-1.91463985482283,-1.44871020930078,-0.0509212727346497,0.880938018309439,0.880938018309439,1.34686766383148,1.34686766383148,0.415008372787395,-0.516850918256694,-0.516850918256694,-0.516850918256694,-0.0509212727346497,-0.516850918256694,-0.0509212727346497,-0.0509212727346497,-0.0509212727346497,-0.516850918256694,-0.516850918256694,-0.516850918256694,-0.0509212727346497,0.415008372787395,0.880938018309439,0.415008372787395,0.415008372787395,-0.0509212727346497,-0.0509212727346497,-0.516850918256694,-0.516850918256694,-0.0509212727346497,-0.0509212727346497,-0.982780563778738,-0.982780563778738,-1.60402009114146,-0.0509212727346497
ContDeg,LL,M21,1,10,10,0.0845172416216659,-0.38416928009848,0,nochange,2.6409486929968,0.191589240543208,0.226580089863973,-0.193310101985213,0.0166349939393807,0.64647028171316,0.436525185788567,-0.193310101985213,-0.0883375540229156,0.121607541901678,-0.508227745872103,0.331552637826271,0.751442829675458,1.06636047356235,0.856415377637756,1.80116830929843,1.80116830929843,1.27630556948694,1.48625066541154,1.69619576133613,1.48625066541154,1.38127811744924,1.48625066541154,0.646470281713161,0.226580089863974,-0.823145389758994,-0.928117937721291,-1.24303558160818,-0.823145389758994,-0.718172841796697,-0.6132002938344,-0.193310101985213,0.331552637826272,0.0166349939393807,-0.0883375540229156,0.856415377637755,0.751442829675457,0.436525185788568,0.646470281713161,1.06636047356235,0.121607541901677,-0.718172841796696,-0.928117937721291,-1.45298067753278,-1.24303558160818,-0.928117937721291,-0.403255197909807,-0.298282649947509,-0.298282649947509,-0.6132002938344,-0.928117937721291,-1.13806303364588,-1.13806303364588,-1.24303558160818,-1.66292577345737,-1.66292577345737,-1.03309048568359,-0.718172841796696,-0.6132002938344,0.191589240543208,-1.55795322549507
ContDeg,LL,M21,2,10,10,-0.284297366639805,1.29226075745365,1,increase,0.939711072121783,-0.272178471206523,0.0913883917919697,0.091388391791969,0.212577346124799,0.818522117788953,0.939711072121783,1.06090002645461,0.818522117788952,0.939711072121783,0.2125773461248,0.091388391791969,-0.0298005625408609,0.0913883917919697,-0.0298005625408603,0.212577346124799,-0.393367425539353,-0.514556379872183,-0.878123242870674,-0.878123242870674,-0.756934288537844,-0.272178471206521,0.212577346124801,0.939711072121783,1.18208898078744,1.30327793512027,1.42446688945311,1.66684479811877,1.66684479811877,2.03041166111726,2.27278956978292,1.54565584378594,1.30327793512027,0.697333163456121,0.454955254790462,-0.150989516873691,0.818522117788952,0.333766300457631,-0.0298005625408616,-0.393367425539352,-0.514556379872183,-1.60525696886766,-1.362879060202,-0.878123242870675,-1.12050115153634,-1.362879060202,-0.878123242870675,-0.514556379872183,-0.635745334205013,-0.393367425539353,0.091388391791969,0.33376630045763,-0.635745334205013,-0.635745334205013,-0.999312197203505,-1.48406801453483,-1.48406801453483,-1.24169010586917,-1.48406801453483,-0.878123242870675,-2.09001278619898
ContDeg,LL,M21,3,10,10,-0.152941370367879,0.695188047126717,1,increase,1.69881231838097,0.962821186127851,-0.214764625477142,-0.803557531279638,-0.803557531279638,-1.68674688998338,-1.39235043708213,-0.803557531279638,-0.361962851927765,-0.0675663990265178,1.55161409193035,1.40441586547972,1.40441586547972,0.962821186127852,0.521226506775979,-0.950755757730262,-0.950755757730262,-1.09795398418089,-1.09795398418089,-0.803557531279638,-0.50916107837839,-0.361962851927766,-0.656359304829014,-0.50916107837839,-0.214764625477142,-0.50916107837839,-0.50916107837839,-0.214764625477142,0.374028280325355,0.226830053874731,2.28760522418347,2.43480345063409,2.14040699773284,1.55161409193035,0.962821186127852,-1.09795398418089,-1.68674688998338,-1.39235043708213,-1.39235043708213,-1.24515221063151,-0.656359304829014,0.226830053874731,0.521226506775979,0.668424733226603,0.962821186127852,0.668424733226603,0.521226506775979,0.374028280325355,0.374028280325354,0.815622959677227,0.521226506775979,0.374028280325355,-0.361962851927766,-0.803557531279638,-0.950755757730262,-0.214764625477142,-0.214764625477142,-0.0675663990265173,0.374028280325355,-0.50916107837839,0.226830053874731
ContDeg,LL,M21,4,10,10,0.0206378037179662,-0.0938081987180276,0,nochange,-0.451451956330507,-0.451451956330507,-0.451451956330507,-0.451451956330507,-0.451451956330507,-0.451451956330507,-0.451451956330507,-0.451451956330507,-0.451451956330507,-0.451451956330507,-0.451451956330507,-0.451451956330507,-0.451451956330507,-0.451451956330507,-0.451451956330507,-0.451451956330507,-0.451451956330507,-0.451451956330507,-0.451451956330507,-0.451451956330507,-0.451451956330507,-0.451451956330507,-0.451451956330507,-0.451451956330507,-0.451451956330507,-0.451451956330507,-0.451451956330507,-0.451451956330507,-0.451451956330507,-0.451451956330507,0.335364310416948,0.335364310416948,0.335364310416948,0.335364310416948,0.335364310416948,-0.451451956330507,-0.451451956330507,-0.451451956330507,-0.451451956330507,1.1221805771644,2.69581311065931,3.48262937740677,3.48262937740677,3.48262937740677,1.90899684391186,1.1221805771644,0.335364310416948,0.335364310416948,0.335364310416948,0.335364310416948,-0.451451956330507,-0.451451956330507,-0.451451956330507,-0.451451956330507,-0.451451956330507,-0.451451956330507,-0.451451956330507,-0.451451956330507,-0.451451956330507,-0.451451956330507,-0.451451956330507
ContDeg,LL,M21,5,10,10,-0.31677101543514,1.43986825197791,1,increase,-0.382187892281107,-0.556168947722506,-0.799742425340465,-0.904131058605304,-0.590965158810786,-0.277799259016267,0.34853254057277,0.45292117383761,1.39241887322117,1.39241887322117,1.18364160669149,0.766087073632128,0.661698440367289,0.139755274043091,0.0353666407782516,-0.277799259016267,-0.382187892281106,-0.0690219924865877,-0.173410625751427,-0.173410625751427,-0.173410625751428,-0.173410625751428,-0.277799259016267,-0.486576525545946,-0.173410625751428,0.870475706896968,1.49680750648601,1.91436203954536,2.74947110566408,2.85385973892892,2.64508247239924,2.12313930607504,1.60119613975085,0.557309807102449,-0.069021992486588,-0.904131058605304,-0.799742425340465,-0.799742425340465,-0.695353792075625,-0.590965158810786,-0.695353792075625,-1.11290832513498,-1.21729695839982,-1.11290832513498,-0.695353792075625,-0.486576525545946,-0.486576525545946,-0.277799259016267,-0.486576525545946,-0.695353792075625,-0.590965158810786,-0.590965158810786,-0.799742425340465,0.0353666407782516,-0.277799259016267,-0.590965158810786,-0.486576525545946,-0.486576525545946,-1.11290832513498,-0.904131058605304,-0.382187892281107
ContDeg,LL,M21,6,10,10,0.0982856816069543,-0.446753098213431,1,decrease,-0.779093817616104,-0.779093817616104,-0.0479442349302221,-0.0479442349302221,-0.0479442349302221,-0.0479442349302221,-0.0479442349302221,-0.779093817616104,-0.779093817616104,-0.779093817616104,-0.779093817616104,-0.779093817616104,-0.779093817616104,-0.779093817616104,-0.0479442349302221,0.317630556412719,0.68320534775566,1.41435493044154,1.41435493044154,1.0487801390986,0.68320534775566,0.317630556412719,-0.413519026273163,-0.413519026273163,-0.779093817616104,-0.779093817616104,-0.779093817616104,-0.779093817616104,-0.413519026273163,-0.0479442349302221,-0.0479442349302221,-0.0479442349302221,-0.0479442349302221,-0.413519026273163,-0.779093817616104,-0.779093817616104,-0.779093817616104,-0.779093817616104,-0.413519026273163,-0.413519026273163,-0.413519026273163,-0.413519026273163,-0.0479442349302221,-0.0479442349302221,0.317630556412719,0.68320534775566,1.41435493044154,3.24222888715625,2.87665409581331,2.87665409581331,2.51107930447036,1.77992972178448,-0.0479442349302221,-0.0479442349302221,-0.413519026273163,-0.413519026273163,-0.413519026273163,-0.779093817616104,-0.779093817616104,-0.779093817616104,-0.779093817616104
ContDeg,LL,M22,1,8,6,-0.0776635872915456,0.353016305870669,0,nochange,1.32225676993436,-0.222909187268627,-0.531942378709225,-1.45904195303102,-1.22726705945057,-0.763717272289673,0.163382302032121,0.858706982773465,1.55403166351481,0.858706982773465,0.395157195612569,-0.0683925915483274,-1.45904195303102,-1.69081684661147,-1.45904195303102,-0.300167485128776,-0.0683925915483274,0.163382302032121,0.858706982773465,0.626932089193018,0.163382302032121,-0.0683925915483274,0.163382302032121,-0.0683925915483274,0.163382302032121,0.395157195612569,0.626932089193018,0.395157195612569,0.395157195612569,0.395157195612569,-0.300167485128776,-0.300167485128776,0.163382302032121,0.163382302032121,0.395157195612569,1.55403166351481,2.71290613141705,2.24935634425616,2.4811312378366,2.01758145067571,0.858706982773466,-0.531942378709225,-0.300167485128776,-1.22726705945057,-0.995492165870121,-0.531942378709224,-0.763717272289673,-0.995492165870121,-0.763717272289673,-0.531942378709224,-0.300167485128776,-0.300167485128776,-0.300167485128776,-0.0683925915483274,0.163382302032121,-0.0683925915483282,-0.0683925915483274,-0.0683925915483282,-0.531942378709224,-1.76807514447162,-2.15436663377236
ContDeg,LL,M22,2,8,6,-0.134612249103766,0.611873859562587,1,increase,1.51561006860175,1.51561006860175,1.51561006860175,1.01855515363021,1.01855515363021,0.52150023865867,0.024445323687128,0.52150023865867,1.01855515363021,0.52150023865867,-0.472609591284415,1.01855515363021,0.52150023865867,-0.472609591284414,0.0244453236871272,0.52150023865867,0.0244453236871272,-0.472609591284414,-0.472609591284414,-0.472609591284414,-0.969664506255958,-0.969664506255958,-1.4667194212275,1.51561006860175,1.01855515363021,1.51561006860175,1.01855515363021,2.0126649835733,0.52150023865867,1.01855515363021,1.01855515363021,0.0244453236871272,0.0244453236871272,-0.969664506255958,0.52150023865867,0.024445323687128,0.024445323687128,0.024445323687128,1.01855515363021,-0.472609591284414,0.024445323687128,0.52150023865867,-0.472609591284414,-1.96377433619904,-1.96377433619904,-0.969664506255958,-1.4667194212275,-0.969664506255958,-0.472609591284414,-0.969664506255958,-1.96377433619904,-0.969664506255958,-0.969664506255958,-1.4667194212275,-0.472609591284414,-0.969664506255958,-0.969664506255958,0.0244453236871272,0.52150023865867,1.51561006860175,-0.969664506255958
ContDeg,LL,M22,3,8,6,0.058325970163282,-0.265118046196734,0,nochange,5.07224195974413,2.13669395647665,1.54958435582316,0.962474755169664,0.375365154516169,0.375365154516169,-0.211744446137326,-0.211744446137326,-0.211744446137326,1.54958435582316,1.54958435582316,1.54958435582316,1.54958435582316,0.962474755169664,-0.798854046790821,-0.798854046790821,-0.798854046790821,-0.798854046790821,-0.798854046790821,-0.798854046790821,-0.798854046790821,0.375365154516169,0.375365154516169,0.375365154516169,0.375365154516169,0.375365154516169,-0.798854046790821,-0.798854046790821,-0.798854046790821,-0.211744446137326,-0.211744446137326,-0.211744446137326,-0.211744446137326,0.375365154516169,-0.211744446137326,-0.211744446137326,-0.211744446137326,-0.211744446137326,-0.798854046790821,-0.798854046790821,-0.798854046790821,-0.798854046790821,-0.798854046790821,-0.798854046790821,-0.798854046790821,-0.211744446137326,-0.211744446137326,-0.211744446137326,-0.211744446137326,0.375365154516169,-0.211744446137326,-0.211744446137326,0.375365154516169,0.375365154516169,-0.211744446137326,-0.211744446137326,-0.211744446137326,-0.798854046790821,-0.798854046790821,-0.798854046790821,-0.798854046790821
ContDeg,LL,M22,4,8,6,-0.167851547010794,0.762961577321796,1,increase,-0.507446708016198,-0.131788344072168,0.168738347083056,-0.28205168964978,-0.28205168964978,-0.507446708016198,-0.732841726382616,-1.40902678148187,-0.958236744749034,-1.85981681821471,-0.958236744749034,-0.28205168964978,-0.0566566712833616,-0.28205168964978,1.07031842054873,-0.0566566712833616,0.619528383815893,1.07031842054873,1.9718984940144,1.29571343891515,1.74650347564798,0.394133365449475,0.168738347083057,-0.0566566712833616,-0.732841726382615,-0.507446708016198,-0.28205168964978,0.168738347083057,0.168738347083056,1.52110845728157,0.844923402182311,1.52110845728157,1.52110845728156,1.07031842054873,0.619528383815893,1.74650347564798,1.29571343891515,0.619528383815893,0.844923402182311,1.07031842054873,0.394133365449475,0.168738347083057,-0.0566566712833609,-0.507446708016198,-1.18363176311545,-1.18363176311545,-1.18363176311545,-1.18363176311545,-0.732841726382616,-0.507446708016198,-0.958236744749034,-0.958236744749034,-0.958236744749034,-1.63442179984829,-2.08521183658112,-1.18363176311545,-0.507446708016197,-0.507446708016197,0.394133365449475,0.995186747759923,1.74650347564798
ContDeg,LL,M22,5,8,6,0.0422507320520758,-0.192048782054893,0,nochange,3.97461783479584,0.653361835856851,-0.0108893639309482,-1.00726616361265,-1.00726616361265,-1.00726616361265,-1.00726616361265,-1.00726616361265,-0.0108893639309482,-0.0108893639309482,-0.0108893639309482,0.98548743575075,0.98548743575075,-0.0108893639309482,0.98548743575075,0.98548743575075,-0.0108893639309482,-0.0108893639309482,-0.0108893639309482,-1.00726616361265,-1.00726616361265,-0.0108893639309482,0.98548743575075,0.98548743575075,0.98548743575075,0.98548743575075,-0.0108893639309482,-1.00726616361265,-1.00726616361265,-1.00726616361265,-1.00726616361265,-1.00726616361265,-0.0108893639309482,-0.0108893639309482,0.98548743575075,0.98548743575075,0.98548743575075,-0.0108893639309482,-0.0108893639309482,-1.00726616361265,-1.00726616361265,-0.0108893639309482,-0.0108893639309482,-0.0108893639309482,-0.0108893639309482,-0.0108893639309482,-1.00726616361265,-1.00726616361265,-1.00726616361265,-1.00726616361265,-1.00726616361265,-1.00726616361265,-0.0108893639309482,0.98548743575075,0.98548743575075,1.98186423543245,1.98186423543245,0.98548743575075,-0.0108893639309482,-1.00726616361265,-1.00726616361265
ContDeg,LL,M22,6,8,6,0.0210254167293873,-0.0955700760426659,0,nochange,-1.28722741699953,-0.644667086091415,0.126405310998317,-0.130618821364927,0.25491737717994,0.126405310998317,2.18259836990427,0.89747770808805,1.02598977426967,0.383429443361562,0.768965641906429,0.640453575724805,1.41152597281454,1.66855010517778,2.69664663463076,2.43962250226752,1.02598977426967,0.383429443361561,0.640453575724805,-0.130618821364926,-0.387642953728171,-0.516155019909793,-0.387642953728171,-0.644667086091416,-0.644667086091416,-0.130618821364926,-0.644667086091416,-0.387642953728171,-0.901691218454659,-1.03020328463628,-1.28722741699953,0.383429443361562,0.25491737717994,0.768965641906429,0.897477708088051,1.02598977426967,0.511941509543184,0.25491737717994,0.768965641906429,1.02598977426967,1.15450184045129,0.511941509543184,0.511941509543184,0.126405310998318,-0.387642953728171,-0.516155019909793,-0.644667086091415,-0.901691218454659,-1.1587153508179,-0.644667086091416,-0.901691218454659,-1.03020328463628,-1.28722741699953,-1.28722741699953,-1.92978774790764,-1.41573948318115,-1.67276361554439,-0.773179152273038,-0.516155019909793,-0.644667086091416,-0.00210675518330468
ContDeg,LL,M22,7,8,6,0.0460931194995868,-0.209514179543572,0,nochange,0.176582660079413,2.02313276262412,2.2077877728786,2.39244278313307,2.02313276262412,1.83847775236965,1.65382274211518,0.730547690842827,0.361237670333884,-0.377382370684,-0.931347401447414,-0.931347401447414,-1.11600241170188,-0.746692391192943,-0.192727360429529,0.176582660079413,-0.562037380938471,-0.00807235017505779,0.176582660079413,-0.00807235017505779,0.176582660079413,0.730547690842826,1.09985771135177,0.730547690842827,0.915202701097298,0.730547690842826,0.915202701097298,1.09985771135177,0.545892680588355,-0.192727360429529,-0.562037380938471,-0.931347401447414,-1.6699674424653,-1.6699674424653,-0.562037380938471,-0.0080723501750584,-0.00807235017505748,0.730547690842827,0.915202701097298,0.361237670333884,-0.377382370684001,-0.192727360429529,-1.11600241170188,-0.931347401447413,-0.746692391192943,-0.746692391192943,-0.377382370684,-0.00807235017505779,-0.377382370684001,-0.562037380938471,-0.00807235017505779,-0.746692391192943,-0.192727360429529,0.361237670333884,0.176582660079413,-0.192727360429529,-0.192727360429529,-0.746692391192943,-1.30065742195636,-1.36220909204118,-2.59324249373765
ContDeg,LL,M22,8,8,6,0.00844943215685637,-0.0384065098038854,0,nochange,2.7783151920346,1.13895335498575,0.909442697798907,0.122549016015457,-0.3692595350992,-0.565982955545063,0.122549016015457,-0.565982955545063,-0.172536114653337,0.515995856907182,0.417634146684251,0.712719277353045,0.515995856907182,0.515995856907182,0.319272436461319,0.909442697798907,0.319272436461319,0.122549016015457,0.220910726238388,0.220910726238388,-0.0741744044304065,0.41763414668425,0.712719277353044,0.122549016015457,-0.369259535099199,-0.270897824876268,-0.270897824876268,-0.172536114653337,0.220910726238388,0.41763414668425,0.614357567130113,0.122549016015457,-0.270897824876268,-0.664344665767994,-0.270897824876268,0.122549016015457,1.10616611824477,1.79469808980529,2.38486835114288,2.18814493069701,1.40125124891356,0.220910726238388,-0.172536114653337,-0.762706375990925,-1.54960005777438,-1.54960005777438,-1.74632347822024,-2.2381320293349,-2.04140860888903,-1.74632347822024,-1.54960005777438,-0.959429796436788,-1.05779150665972,-0.762706375990925,-0.565982955545062,-0.664344665767994,-0.861068086213857,0.220910726238388,0.0241873057925258,0.483208620166205,-0.172536114653337
ContDeg,LL,M22,9,8,6,0.0173275199629364,-0.0787614543769843,0,nochange,-0.633120921722682,-0.633120921722682,-0.633120921722682,-0.633120921722682,0.586469906437852,0.586469906437852,0.586469906437852,0.586469906437852,1.80606073459839,0.586469906437852,0.586469906437852,0.586469906437852,0.586469906437852,-0.633120921722682,-0.633120921722682,-0.633120921722682,-0.633120921722682,-0.633120921722682,-0.633120921722682,-0.633120921722682,-0.633120921722682,-0.633120921722682,-0.633120921722682,-0.633120921722682,-0.633120921722682,-0.633120921722682,-0.633120921722682,-0.633120921722682,0.586469906437852,0.586469906437852,0.586469906437852,0.586469906437852,0.586469906437852,-0.633120921722682,-0.633120921722682,-0.633120921722682,-0.633120921722682,-0.633120921722682,-0.633120921722682,-0.633120921722682,-0.633120921722682,-0.633120921722682,0.586469906437852,0.586469906437852,0.586469906437852,0.586469906437852,0.586469906437852,-0.633120921722682,-0.633120921722682,-0.633120921722682,-0.633120921722682,-0.633120921722682,-0.633120921722682,-0.633120921722682,-0.633120921722682,0.586469906437852,0.586469906437852,0.586469906437852,1.80606073459839,1.39953045854488,5.46483321907999
ContDeg,LL,M25,1,15,14,-0.0702834289730864,0.319470131695862,0,nochange,0.531805606636572,-0.765800073556658,-0.506278937518012,-1.28484234563395,-0.765800073556658,0.272284470597926,0.0127633345592796,0.272284470597926,0.791326742675219,-0.246757801479365,-1.0253212095953,-1.0253212095953,-1.0253212095953,0.0127633345592806,0.531805606636573,0.531805606636573,-0.246757801479366,-0.246757801479366,-0.246757801479366,0.531805606636572,1.31036901475251,2.3484535589071,2.3484535589071,1.05084787871386,0.0127633345592806,-0.506278937518012,0.272284470597926,0.791326742675218,1.31036901475251,1.56989015079116,2.08893242286845,0.791326742675219,0.0127633345592806,-0.506278937518012,-0.765800073556658,-1.5443634816726,-1.5443634816726,-1.80388461771124,-1.5443634816726,-1.0253212095953,-1.0253212095953,0.0127633345592801,0.272284470597926,0.531805606636573,0.0127633345592806,-0.246757801479366,-1.0253212095953,-0.506278937518013,0.0127633345592806,-0.246757801479365,-0.246757801479365,-0.765800073556658,-0.246757801479365,-1.0253212095953,-0.246757801479365,0.0127633345592806,0.531805606636572,-0.506278937518012,0.272284470597926,0.531805606636572,3.12701696702303
ContDeg,LL,M25,2,15,14,-0.122096761786147,0.554985280846132,1,increase,1.2258063270472,0.30342738852073,1.41028211475249,0.672378963931319,-0.24999997459515,-0.434475762300444,-1.54133048853221,-2.46370942705868,-1.35685470082691,-0.434475762300444,-0.803427337711031,-0.803427337711031,0.30342738852073,-0.618951550005738,-0.434475762300445,0.118951600815437,0.672378963931318,-0.434475762300445,0.118951600815436,-0.803427337711032,-0.618951550005738,-0.803427337711031,-0.24999997459515,-0.803427337711031,-0.434475762300445,-0.803427337711031,-0.0655241868898571,-0.434475762300445,0.856854751636613,1.2258063270472,1.2258063270472,1.96370947786837,1.59475790245779,0.118951600815438,0.118951600815439,0.303427388520731,-0.987903125416325,0.118951600815437,0.487903176226025,1.2258063270472,1.2258063270472,2.14818526557367,1.59475790245779,1.41028211475249,0.118951600815436,1.41028211475249,-0.0655241868898571,-0.803427337711031,-1.17237891312162,-0.803427337711031,-1.54133048853221,-1.17237891312162,-0.0655241868898563,-0.0655241868898563,0.30342738852073,0.30342738852073,0.672378963931318,0.303427388520732,0.487903176226026,-0.31149190383025,-2.46370942705868
ContDeg,LL,M25,3,15,14,0.0479013118103851,-0.217733235501763,0,nochange,2.36447582186089,2.36447582186089,1.32782255065691,1.7424838591385,1.32782255065691,0.29116927945292,-0.123492029028674,0.29116927945292,-0.745483991751065,-0.952814645991862,-0.538153337510268,-0.538153337510268,0.0838386252121236,0.0838386252121236,0.29116927945292,0.498499933693717,1.32782255065691,0.29116927945292,0.498499933693719,-0.123492029028674,0.0838386252121236,-0.952814645991862,-0.330822683269471,-0.33082268326947,-0.123492029028673,-1.16014530023266,-1.16014530023266,-1.36747595447346,-0.952814645991862,-0.123492029028674,0.29116927945292,0.705830587934515,0.913161242175312,0.29116927945292,0.0838386252121236,0.0838386252121236,0.0838386252121236,-0.952814645991862,-0.538153337510268,-0.745483991751065,-0.952814645991862,-0.538153337510268,-0.123492029028674,-0.538153337510268,-0.538153337510268,0.0838386252121236,0.0838386252121236,0.913161242175312,1.32782255065691,1.12049189641611,1.9498145133793,1.12049189641611,0.498499933693717,0.291169279452921,0.29116927945292,-0.745483991751065,-0.330822683269471,-0.952814645991862,-1.57480660871425,-2.12768835335638,-2.81879053415904
ContDeg,LL,M25,4,15,14,-0.362458406674722,1.64753821215783,1,increase,-0.929380529935184,-0.929380529935184,-0.929380529935184,-0.299467059645781,-0.299467059645781,-0.299467059645781,-0.299467059645781,0.330446410643622,-0.299467059645781,0.330446410643622,0.330446410643622,0.330446410643622,0.330446410643622,0.960359880933024,0.330446410643622,0.330446410643622,0.330446410643622,-0.299467059645781,-0.929380529935184,-0.929380529935184,-0.929380529935184,-0.929380529935184,-0.299467059645781,-0.299467059645781,-0.299467059645781,0.330446410643622,0.330446410643622,0.330446410643622,1.59027335122243,1.59027335122243,2.22018682151183,2.85010029180123,2.85010029180123,2.22018682151183,2.22018682151183,1.59027335122243,0.960359880933024,0.330446410643622,-0.299467059645781,-0.299467059645781,-0.929380529935184,-0.929380529935184,-0.929380529935184,-0.299467059645781,-0.299467059645781,-0.299467059645781,-0.299467059645781,0.330446410643622,-0.299467059645781,-0.299467059645781,-0.299467059645781,-0.299467059645781,-0.929380529935184,-0.929380529935184,-0.929380529935184,-0.929380529935184,-0.929380529935184,-0.929380529935184,-0.929380529935184,-0.929380529935184,-0.929380529935184
ContDeg,LL,M25,5,15,14,-0.238856411716383,1.0857109623472,1,increase,-1.13423435731244,-1.13423435731244,-0.32025440677057,-0.32025440677057,0.493725543771298,0.493725543771298,0.493725543771298,0.493725543771298,1.30770549431317,0.493725543771298,0.493725543771298,1.30770549431317,0.493725543771298,0.493725543771298,0.493725543771298,0.493725543771298,-0.32025440677057,-0.32025440677057,-1.13423435731244,-0.32025440677057,-0.32025440677057,0.493725543771298,1.30770549431317,2.12168544485503,1.30770549431317,2.12168544485503,2.12168544485503,1.30770549431317,1.30770549431317,2.12168544485503,1.30770549431317,0.493725543771298,1.30770549431317,0.493725543771298,-0.32025440677057,-0.32025440677057,0.493725543771298,-0.32025440677057,-0.32025440677057,-0.32025440677057,-0.32025440677057,-1.13423435731244,-1.13423435731244,-1.13423435731244,-1.13423435731244,-1.13423435731244,-1.13423435731244,-1.13423435731244,-1.13423435731244,-1.13423435731244,-1.13423435731244,-1.13423435731244,-1.13423435731244,-0.32025440677057,-0.32025440677057,-0.32025440677057,-0.32025440677057,-0.32025440677057,-1.13423435731244,-1.13423435731244,-1.13423435731244
ContDeg,LL,M25,6,15,14,-0.267377644999753,1.21535293181706,1,increase,-1.47061214564055,0.670374510303926,1.09857184149282,1.09857184149282,0.456275844709479,-0.186020152073863,-0.828316148857205,-1.47061214564055,-1.47061214564055,-1.47061214564055,-0.828316148857205,-0.186020152073863,-0.186020152073863,-0.186020152073863,-0.186020152073863,-0.186020152073863,-0.186020152073863,-0.186020152073863,-0.186020152073863,-0.186020152073863,-0.828316148857205,-1.47061214564055,-0.828316148857205,-0.828316148857205,-0.828316148857205,-0.186020152073863,0.456275844709479,1.74086783827616,1.74086783827616,1.74086783827616,1.09857184149282,1.74086783827616,0.456275844709479,1.09857184149282,1.74086783827616,1.74086783827616,0.456275844709479,1.74086783827616,1.09857184149282,0.456275844709479,1.09857184149282,1.09857184149282,-0.828316148857205,-0.186020152073863,-0.186020152073863,-0.828316148857205,-0.186020152073863,-0.186020152073863,-0.828316148857205,-0.828316148857205,-0.828316148857205,-1.47061214564055,-1.47061214564055,-0.828316148857205,-0.828316148857205,-0.828316148857205,-0.186020152073863,-0.186020152073863,-0.186020152073863,0.670374510303926,1.74086783827616
ContDeg,LL,M25,7,15,14,-0.135710630156631,0.616866500711965,1,increase,0.442273927266974,-0.243625468409773,-0.243625468409772,-0.517985226680471,-0.243625468409772,-0.79234498495117,-0.929524864086518,-1.61542425976327,-1.34106450149257,-1.47824438062792,-0.655165105815822,-0.517985226680471,-0.106445589274423,-0.380805347545122,-0.243625468409773,0.167914168996275,0.579453806402324,0.853813564673024,1.12817332294372,1.53971296034977,0.579453806402323,-0.106445589274423,0.305094048131625,0.305094048131625,-0.106445589274423,-0.243625468409773,0.167914168996276,-0.929524864086521,-0.65516510581582,0.0307342898609262,1.53971296034977,1.67689283948512,2.08843247689117,1.53971296034977,1.26535320207907,0.305094048131625,-0.106445589274423,0.167914168996276,0.579453806402323,0.442273927266974,0.305094048131625,1.26535320207907,0.853813564673024,1.12817332294372,0.579453806402326,-0.106445589274422,-0.929524864086519,-1.20388462235722,-1.75260413889862,-1.75260413889862,-1.06670474322187,-1.34106450149257,-0.517985226680471,-0.243625468409772,0.305094048131625,0.579453806402324,1.67689283948512,1.12817332294372,0.305094048131626,-0.472258600302022,-2.98722305111676
ContDeg,LL,M25,8,15,14,0.160650148010199,-0.730227945500903,1,decrease,-0.0528237231435095,-0.388474463951227,-0.858385501082031,-1.05977594556666,-1.05977594556666,-0.858385501082031,-0.858385501082031,0.148566721341121,0.148566721341121,0.349957165825751,-0.0528237231435095,0.148566721341121,-0.656995056597401,-0.858385501082031,-1.05977594556666,-1.26116639005129,-1.05977594556666,-0.858385501082031,-0.45560461211277,-0.45560461211277,-0.45560461211277,0.349957165825751,0.148566721341121,0.349957165825751,0.954128499279643,1.3569093882489,-0.0528237231435095,-0.0528237231435095,-0.45560461211277,-1.26116639005129,-1.26116639005129,-1.26116639005129,-1.46255683453592,-1.46255683453592,-0.858385501082031,-1.26116639005129,-0.656995056597401,-0.25421416762814,-0.25421416762814,0.551347610310382,1.55829983273353,1.75969027721816,2.16247116618742,2.16247116618743,1.15551894376427,0.148566721341121,-0.25421416762814,-1.05977594556666,-0.45560461211277,-0.0528237231435091,0.349957165825752,0.551347610310382,1.3569093882489,1.3569093882489,1.96108072170279,1.75969027721817,1.3569093882489,1.3569093882489,0.954128499279643,0.282827017664208,-0.0528237231435095
ContDeg,RL,M16,1,7,7,0.0651965143247218,-0.2963477923851,0,nochange,-0.2963477923851,-0.2963477923851,-0.2963477923851,-0.2963477923851,-0.2963477923851,-0.2963477923851,-0.2963477923851,-0.2963477923851,-0.2963477923851,-0.2963477923851,-0.2963477923851,-0.2963477923851,3.31909527471312,3.31909527471312,3.31909527471312,3.31909527471312,3.31909527471312,-0.2963477923851,-0.2963477923851,-0.2963477923851,-0.2963477923851,-0.2963477923851,-0.2963477923851,-0.2963477923851,-0.2963477923851,-0.2963477923851,-0.2963477923851,-0.2963477923851,-0.2963477923851,-0.2963477923851,-0.2963477923851,-0.2963477923851,-0.2963477923851,-0.2963477923851,-0.2963477923851,-0.2963477923851,-0.2963477923851,-0.2963477923851,-0.2963477923851,-0.2963477923851,-0.2963477923851,-0.2963477923851,-0.2963477923851,-0.2963477923851,-0.2963477923851,-0.2963477923851,-0.2963477923851,-0.2963477923851,-0.2963477923851,-0.2963477923851,-0.2963477923851,-0.2963477923851,-0.2963477923851,-0.2963477923851,-0.2963477923851,-0.2963477923851,-0.2963477923851,-0.2963477923851,-0.2963477923851,-0.2963477923851,-0.2963477923851
ContDeg,RL,M16,2,7,7,-0.0117134361688927,0.0532428916767826,0,nochange,0.136048408760504,-0.876019022262765,0.136048408760504,0.439668638067486,0.136048408760504,0.136048408760504,-0.471192049853457,-0.471192049853457,-0.774812279160438,-0.471192049853457,-0.167571820546476,-0.471192049853457,-1.07843250846742,-1.3820527377744,-1.3820527377744,-1.68567296708138,-1.98929319638836,-1.07843250846742,-0.167571820546476,0.439668638067486,1.04690909668145,1.65414955529541,1.04690909668145,0.439668638067486,-0.167571820546476,-0.471192049853457,-0.774812279160437,-0.167571820546476,-0.167571820546476,0.439668638067486,1.04690909668145,1.04690909668145,0.439668638067486,0.136048408760504,-0.167571820546476,-0.774812279160438,-0.167571820546477,0.439668638067486,0.743288867374466,0.743288867374466,1.04690909668145,0.743288867374466,-0.167571820546476,-0.471192049853457,-0.167571820546476,-0.167571820546477,-0.774812279160438,-0.167571820546477,1.04690909668145,0.743288867374466,0.136048408760504,0.439668638067486,0.136048408760504,-0.774812279160438,-1.07843250846742,-1.07843250846742,-1.07843250846742,-0.471192049853457,0.439668638067486,1.65414955529541,4.69035184836522
ContDeg,RL,M16,3,7,7,-0.153806207535796,0.69911912516271,1,increase,-2.37187561892838,-1.3095818395258,-1.09712308364529,-0.778434949824512,-0.937779016734899,-0.937779016734899,-0.778434949824512,-0.937779016734899,-0.141058682182965,0.336973518548195,0.177629451637808,-0.141058682182965,-0.141058682182966,0.496317585458582,0.815005719279355,0.974349786189741,1.77107012074167,2.08975825456245,0.496317585458582,0.0182853847274212,-0.300402749093352,-1.09712308364529,-1.25646715055567,-0.937779016734899,-0.619090882914125,-0.619090882914125,0.336973518548195,0.655661652368969,0.655661652368969,2.24910232147284,2.24910232147284,1.61172605383129,1.13369385310013,0.974349786189742,-0.937779016734899,-0.619090882914125,-0.778434949824512,-0.141058682182965,1.61172605383129,1.4523819869209,1.13369385310013,1.29303792001051,0.815005719279355,-0.937779016734899,-0.619090882914126,-0.300402749093352,-0.141058682182966,0.177629451637808,0.336973518548195,0.0182853847274212,-0.459746816003739,-0.619090882914125,-0.619090882914125,-0.619090882914125,-0.300402749093352,0.336973518548194,0.496317585458582,-0.141058682182965,-0.459746816003739,-1.04400839467516,-1.57515528437645
ContDeg,RL,M16,4,7,7,0.183739219578226,-0.835178270810114,1,decrease,0.145824777443036,-0.0972165182953566,0.145824777443037,-0.291649554886071,-0.291649554886071,-0.437474332329107,1.02077344210125,0.437474332329109,0.874948664658216,0.874948664658216,2.0415468842025,1.02077344210125,1.02077344210125,0.583299109772144,0.145824777443036,-1.02077344210125,-1.31242299698732,-1.74989732931643,-1.45824777443036,-1.02077344210125,-1.16659821954429,8.49964633760012e-16,8.49964633760012e-16,0.72912388721518,0.437474332329108,0.437474332329108,-0.583299109772143,-0.437474332329107,-1.31242299698732,-1.02077344210125,-1.02077344210125,-1.02077344210125,-1.02077344210125,-1.16659821954429,-1.16659821954429,-0.874948664658214,-0.874948664658214,-0.291649554886071,1.16659821954429,0.874948664658216,0.874948664658216,1.6040725518734,1.89572210675947,1.16659821954429,1.6040725518734,1.31242299698732,0.291649554886073,-0.729123887215178,-1.45824777443036,-1.45824777443036,-0.291649554886071,-0.145824777443035,1.02077344210125,1.31242299698732,0.874948664658216,0.291649554886073,0.583299109772144,0.437474332329108,0.145824777443036,0.38886607318143,-2.0415468842025
ContDeg,RL,M16,5,7,7,-0.0116911620317587,0.0531416455988957,0,nochange,-0.0116911620317591,-0.8040921441842,-0.249411456677491,-0.487131751323224,-0.487131751323224,0.701469721905438,0.701469721905439,0.463749427259706,0.226029132613974,-0.249411456677491,-0.962572340614688,-0.724852045968956,-0.724852045968956,-0.724852045968956,-0.962572340614688,-1.43801292990615,-1.67573322455189,-2.38889410848908,-1.43801292990615,-0.249411456677491,0.226029132613974,0.463749427259706,0.93919001655117,0.226029132613974,-0.724852045968956,-0.487131751323224,-0.249411456677491,-0.0116911620317591,1.41463060584264,1.8900711951341,1.8900711951341,0.701469721905439,-0.0116911620317582,-1.43801292990615,-1.20029263526042,-1.91345351919762,-1.20029263526042,-0.962572340614688,-0.249411456677491,-0.962572340614688,1.65235090048837,1.41463060584264,1.65235090048837,1.41463060584264,1.1769103111969,-0.724852045968956,-0.487131751323224,-0.0116911620317591,0.226029132613974,0.701469721905439,0.701469721905439,0.226029132613974,-0.0116911620317591,-0.249411456677492,0.463749427259706,0.939190016551171,1.41463060584264,0.93919001655117,0.939190016551171,-0.40789165310798,1.1769103111969
ContDeg,RL,M16,6,7,7,-0.0749983290949824,0.340901495886295,0,nochange,3.73600210797836,1.61406422542082,0.765289072397802,0.977482860653557,0.765289072397802,0.340901495886295,-0.720067445392474,0.128707707630541,-0.932261233648228,-0.932261233648227,-0.295679868880966,0.977482860653557,0.765289072397802,0.340901495886295,0.553095284142048,-0.295679868880966,-0.507873657136721,-0.507873657136721,-0.50787365713672,-0.295679868880966,-0.0834860806252124,-0.50787365713672,-0.295679868880966,0.340901495886295,0.128707707630541,0.128707707630541,-0.0834860806252124,-0.295679868880966,-0.0834860806252128,0.765289072397802,1.61406422542082,1.40187043716506,1.61406422542082,0.553095284142048,-0.507873657136721,-1.35664881015974,-1.14445502190398,-1.993230174927,-1.35664881015974,-0.507873657136721,-0.507873657136721,-0.0834860806252128,0.765289072397804,0.977482860653555,0.553095284142048,0.128707707630541,-0.0834860806252124,-0.50787365713672,-0.932261233648228,-0.720067445392474,-0.507873657136721,-0.720067445392474,-0.720067445392474,-0.507873657136721,-1.35664881015974,-1.14445502190398,-0.932261233648228,-0.932261233648228,-0.295679868880966,0.553095284142048,2.67503316669959
ContDeg,RL,M16,7,7,7,0.208602937669684,-0.948195171225837,1,decrease,0.0293806954464336,-0.966298428016065,-1.46413798974731,-1.91219359530544,-1.91219359530544,-1.16543425270856,-0.269323041592316,-0.119971173072941,0.178732563965809,0.477436301004558,0.328084432485183,0.178732563965809,1.22419564360143,1.97095498619831,1.97095498619831,1.67225124915956,1.07484377508206,0.328084432485183,-0.41867491011169,-0.71737864715044,-0.71737864715044,-0.269323041592316,-0.71737864715044,-0.418674910111691,-0.418674910111691,-0.568026778631066,-1.16543425270856,-1.16543425270856,-1.61348985826669,-1.76284172678606,-1.76284172678606,-1.31478612122794,-0.866730515669815,-0.418674910111691,0.178732563965809,0.0293806954464342,-0.418674910111691,-0.568026778631065,0.477436301004558,0.178732563965809,0.626788169523932,1.37354751212081,1.9709549861983,1.37354751212081,1.67225124915956,1.52289938064018,1.07484377508206,0.776140038043307,0.178732563965809,0.477436301004558,0.776140038043307,0.477436301004558,0.477436301004558,0.178732563965808,-0.568026778631065,-0.418674910111691,0.178732563965808,0.0293806954464342,0.328084432485184,0.278300476312058,0.0293806954464336
ContDeg,RL,M16,8,7,7,-0.215583381849088,0.979924462950402,1,increase,-0.907719502522476,0.665317135371589,0.0361024802139628,0.0361024802139628,0.0361024802139628,1.92374644568684,1.92374644568684,1.92374644568684,1.92374644568684,0.979924462950402,-0.907719502522476,-0.907719502522476,-0.907719502522476,-0.907719502522476,-0.907719502522476,0.0361024802139628,0.979924462950402,0.979924462950402,0.979924462950402,0.979924462950402,0.0361024802139628,-0.907719502522476,-0.907719502522476,-0.907719502522476,0.0361024802139628,0.0361024802139628,0.979924462950402,1.92374644568684,1.92374644568684,1.92374644568684,1.92374644568684,0.979924462950402,0.0361024802139628,0.979924462950402,0.0361024802139628,0.0361024802139628,0.0361024802139628,0.0361024802139628,-0.907719502522476,-0.907719502522476,0.0361024802139628,0.0361024802139628,0.0361024802139628,0.0361024802139628,0.0361024802139628,-0.907719502522476,-0.907719502522476,-0.907719502522476,-0.907719502522476,-0.907719502522476,-0.907719502522476,-0.907719502522476,-0.907719502522476,-0.907719502522476,-0.907719502522476,-0.907719502522476,-0.907719502522476,-0.907719502522476,-0.907719502522476,-0.907719502522476,-0.907719502522476
ContDeg,RL,M21,1,8,8,0.0707629404489642,-0.321649729313474,0,nochange,1.28527922450304,-0.0770497536843711,-0.247340875957797,-0.96256358950619,-1.47343695632647,-1.47343695632647,-1.1669129362343,-1.57561162969053,-0.451690222685909,0.0591831441343718,0.263532490862482,0.672231184318708,1.59180324459521,1.08092987777493,1.69397791795927,2.30702595814361,2.61354997823577,1.3874538978671,1.59180324459521,1.3874538978671,1.3874538978671,1.3874538978671,1.69397791795927,1.3874538978671,0.876580531046821,0.570056510954652,0.161357817498428,0.0591831441343718,0.263532490862483,0.467881837590597,-0.0429915292296858,-0.758214242778078,-0.758214242778078,-1.26908760959836,-1.47343695632647,-0.758214242778078,-0.656039569414022,-0.45169022268591,-0.451690222685909,-0.247340875957797,-0.962563589506191,-0.758214242778078,-0.553864896049966,-0.45169022268591,-0.656039569414022,-0.145166202593741,0.161357817498428,-0.247340875957797,-0.247340875957798,-0.553864896049967,-0.758214242778078,-0.96256358950619,-0.247340875957797,-0.553864896049966,-0.553864896049966,-0.45169022268591,-0.553864896049966,-0.962563589506191,-0.451690222685909,-0.247340875957797,0.263532490862483
ContDeg,RL,M21,2,8,8,-0.149718270622079,0.680537593736723,1,increase,0.0470389539656445,0.730223761561906,-0.362871930592112,-0.772782815149869,-1.59260458426538,-1.59260458426538,-1.18269369970763,-1.18269369970763,-0.772782815149869,-0.362871930592112,-0.362871930592112,-0.772782815149869,-0.772782815149869,0.0470389539656445,-0.362871930592112,-0.772782815149869,-0.772782815149869,0.0470389539656445,-0.772782815149869,-0.362871930592112,0.456949838523402,1.27677160763891,0.456949838523401,1.27677160763891,2.50650426131219,2.09659337675443,1.68668249219667,2.50650426131219,1.27677160763891,-0.362871930592112,0.0470389539656445,0.0470389539656445,-0.362871930592112,0.456949838523402,0.456949838523402,-0.362871930592112,-0.362871930592112,0.0470389539656445,0.866860723081158,0.866860723081158,1.27677160763891,0.866860723081158,0.0470389539656445,-1.59260458426538,-0.772782815149869,-1.18269369970763,-1.18269369970763,0.0470389539656445,0.0470389539656445,0.0470389539656445,0.0470389539656445,0.0470389539656445,-1.18269369970763,-0.362871930592112,-1.18269369970763,-1.18269369970763,-0.362871930592112,0.0470389539656445,0.0470389539656445,1.41340856915817,2.09659337675443
ContDeg,RL,M21,3,8,8,-0.163054088243551,0.741154946561593,1,increase,-1.23342696338245,-0.703014240320558,-0.278684061871043,0.119125480425375,-0.0797792907228342,0.954525519247854,1.1932112446257,1.11364933616642,1.07386838193678,1.31255410731463,-0.0399983364931932,-0.43780787878961,-0.954960283774954,-1.15386505492316,-1.23342696338245,-0.596931695708177,-0.716274558397106,-0.954960283774954,-1.11408410069352,-1.63123650567887,-2.02904604797529,-1.4721126887603,-1.11408410069352,-0.517369787248895,0.0793445261957326,0.477154068492151,0.556715976951434,0.596496931181078,0.715839793870003,0.795401702329286,1.03408742770714,1.43189697000355,1.15343029039606,0.636277885410719,0.278249297343943,0.477154068492151,-0.000217382263549364,0.119125480425375,0.477154068492152,0.715839793870003,0.397592160032869,0.596496931181077,1.03408742770714,1.15343029039606,1.27277315308499,1.39211601577392,1.1932112446257,0.596496931181077,-0.398026924559968,-0.278684061871043,-0.517369787248894,-0.875398375315672,-0.477588833019254,-0.238903107641402,-1.15386505492317,-1.39255078030102,-1.15386505492317,-1.79036032259743,-0.915179329545312,-0.238903107641401,2.74466845958174
ContDeg,RL,M21,4,8,8,-0.0170331101378189,0.0774232278991726,0,nochange,-3.05198128457258,-1.20974774129793,-0.0517723712395695,1.21147348700591,1.21147348700591,1.52728495156728,1.21147348700591,0.2640390933218,-0.525489568081624,-0.841301032642993,-1.31501822948505,-1.47292396176573,-1.47292396176573,-1.15711249720436,-0.525489568081624,-0.367583835800939,0.421944825602485,1.36937921928659,1.52728495156728,1.05356775472522,1.05356775472522,0.89566202244454,0.106133361041115,-0.525489568081624,0.106133361041115,0.106133361041115,-0.525489568081624,-0.841301032642993,-0.209678103520254,-0.525489568081624,-0.683395300362309,0.106133361041115,0.737756290163854,0.421944825602485,0.737756290163855,1.52728495156728,1.36937921928659,1.21147348700591,1.68519068384796,1.36937921928659,0.895662022444539,0.737756290163855,0.895662022444539,0.421944825602485,-0.0517723712395695,-0.0517723712395695,0.106133361041115,0.2640390933218,0.2640390933218,0.106133361041115,-0.367583835800939,-0.841301032642994,-0.367583835800939,-0.841301032642993,-0.841301032642993,-0.683395300362309,-0.367583835800939,-1.47292396176573,-1.31501822948505,-0.946571520830117,-1.47292396176573
ContDeg,RL,M21,5,8,8,-0.0641981998361149,0.291809999255066,0,nochange,-1.74451629989442,-1.39561303991553,-0.488464563970437,0.767587171953543,0.976929127940873,1.81429695189019,2.23298086386485,2.44232281985218,1.60495499590286,1.39561303991553,1.1862710839282,1.1862710839282,1.1862710839282,1.39561303991553,1.60495499590286,1.39561303991553,0.558245215966213,-0.0697806519957769,-0.697806519957767,-0.697806519957767,-1.32583238791976,-1.11649043193243,-1.11649043193243,-0.907148475945097,-0.697806519957767,0.139561303991553,0.558245215966213,0.558245215966213,0.767587171953543,0.976929127940873,0.558245215966213,0.139561303991553,0.348903259978883,0.139561303991553,-0.279122607983107,-0.697806519957767,-0.907148475945097,-0.488464563970437,-0.697806519957767,-0.488464563970437,-0.488464563970437,-0.488464563970437,-0.697806519957767,-0.488464563970437,-0.697806519957767,-0.697806519957767,-0.907148475945097,-1.32583238791976,-1.11649043193243,-1.32583238791976,-1.11649043193243,-0.907148475945097,-0.279122607983107,-0.488464563970437,-0.0697806519957769,0.558245215966213,0.767587171953543,0.348903259978883,0.348903259978883,-0.348903259978884,-0.697806519957767
ContDeg,RL,M21,6,8,8,0.0769163377935489,-0.349619717243403,0,nochange,-0.836047149929877,-0.836047149929877,-0.668837719943902,-0.668837719943902,-0.501628289957926,-0.501628289957926,-0.501628289957926,-0.501628289957926,-0.167209429985975,9.2819879552439e-17,9.2819879552439e-17,9.2819879552439e-17,0.334418859971951,9.2819879552439e-17,-0.167209429985975,0.501628289957927,0.668837719943902,0.167209429985976,0.167209429985976,0.167209429985976,-0.501628289957926,-0.668837719943902,-0.668837719943902,9.2819879552439e-17,-0.167209429985975,-0.167209429985975,-0.167209429985975,9.2819879552439e-17,-0.668837719943902,-0.501628289957926,-0.334418859971951,-0.167209429985975,-0.334418859971951,-0.334418859971951,-0.501628289957926,-0.668837719943902,-0.836047149929877,-0.836047149929877,-0.836047149929877,-0.836047149929877,-0.836047149929877,-0.501628289957926,0.668837719943902,1.67209429985976,2.50814144978963,3.67860745969146,3.67860745969146,2.50814144978963,1.50488486987378,0.668837719943902,0.334418859971951,9.2819879552439e-17,0.167209429985976,0.334418859971951,0.334418859971951,-0.501628289957926,-0.501628289957926,-0.668837719943902,-0.836047149929877,-0.836047149929877,-0.836047149929877
ContDeg,RL,M21,7,8,8,-0.00530701305490177,0.0241227866131894,0,nochange,-2.03710831854495,-1.40728770307996,-0.903431210707974,-0.714485026068478,-0.525538841428981,-0.525538841428981,-0.336592656789485,-0.147646472149989,0.230245897129004,0.419192081768499,0.797084451047492,0.230245897129003,0.797084451047492,0.608138266407996,1.36392300496598,1.36392300496598,2.11970774352397,1.93076155888447,2.49760011280296,1.55286918960548,1.17497682032648,0.986030635686989,0.608138266407996,-0.336592656789485,-0.525538841428981,-0.714485026068478,-0.336592656789485,0.041299712489507,0.230245897129003,0.419192081768499,0.608138266407996,0.0412997124895074,-0.147646472149989,-0.147646472149989,-0.147646472149989,0.4191920817685,0.230245897129004,-0.147646472149989,-0.336592656789485,-0.714485026068478,-0.903431210707974,-1.28132357998697,-1.47026976462646,-1.28132357998697,-0.336592656789485,-0.714485026068477,-0.714485026068477,-0.336592656789485,-0.147646472149989,-0.903431210707974,-1.09237739534747,-0.714485026068478,-1.09237739534747,-1.28132357998697,-1.09237739534747,0.230245897129003,0.797084451047492,1.74181537424497,1.74181537424497,1.42690506651248,-1.09237739534747
ContDeg,RL,M21,8,8,8,-0.0647420257311129,0.294281935141422,0,nochange,0.270589196852429,-0.598144540410633,-0.511271166684327,-0.511271166684327,-0.250651045505408,0.00996907567351047,0.00996907567351047,-0.250651045505408,-0.511271166684327,-0.771891287863245,-0.771891287863245,-0.771891287863245,-0.771891287863245,-0.511271166684327,-0.511271166684327,-0.511271166684327,-0.511271166684327,-0.511271166684327,-0.771891287863245,-0.771891287863245,-1.03251140904216,-1.03251140904216,-1.03251140904216,-1.03251140904216,-0.511271166684327,0.00996907567351047,0.00996907567351047,0.00996907567351047,0.00996907567351047,-0.250651045505408,-0.511271166684327,0.270589196852429,1.05244956038919,1.05244956038919,0.791829439210266,0.791829439210266,0.00996907567351047,-0.771891287863245,-0.511271166684327,-0.511271166684327,-0.771891287863245,-0.250651045505408,0.531209318031348,0.270589196852429,1.05244956038919,1.05244956038919,1.05244956038919,0.270589196852429,0.270589196852429,-0.511271166684327,-0.511271166684327,-0.771891287863245,-0.511271166684327,-0.250651045505408,0.270589196852429,1.05244956038918,0.791829439210266,0.791829439210266,1.83430992392594,1.57368980274702,5.4829916204308
ContDeg,RL,<undefined>,1,12,7,-0.139940510464641,0.636093229384739,1,increase,2.03435222010434,0.286528481704838,0.636093229384739,0.286528481704838,-0.412601013654964,0.636093229384739,0.636093229384738,0.98565797706464,0.636093229384739,0.98565797706464,0.286528481704838,-0.412601013654963,-1.11173050901477,-0.762165761334865,-1.11173050901477,-0.412601013654964,0.286528481704838,0.286528481704838,0.636093229384739,2.03435222010434,1.33522272474454,0.636093229384739,0.636093229384739,0.636093229384739,0.286528481704838,-0.0630362659750625,0.636093229384739,0.636093229384739,-0.412601013654963,-0.0630362659750625,0.98565797706464,0.286528481704838,0.98565797706464,1.33522272474454,1.68478747242444,0.98565797706464,1.68478747242444,0.636093229384738,0.98565797706464,-0.762165761334865,-0.762165761334865,-1.81086000437457,-0.762165761334864,-1.46129525669467,-1.11173050901477,-0.762165761334865,0.286528481704838,-0.762165761334864,-0.762165761334864,-0.762165761334865,-1.81086000437457,-2.16042475205447,-1.81086000437457,-1.46129525669467,-0.762165761334865,-0.0630362659750625,-0.412601013654963,-0.762165761334864,-0.412601013654963,-1.46129525669467,0.286528481704838
ContDeg,RL,<undefined>,2,12,7,0.00834934035746981,-0.0379515470794056,0,nochange,-0.073797395417632,-1.05955822471885,-0.960982141788729,-0.862406058858607,-0.566677810068242,0.123354770442612,0.616235185093221,0.911963433883587,1.50341993146432,2.09487642904505,2.39060467783542,2.19345251197517,2.39060467783542,1.79914818025468,0.714811268023343,0.0247786875124903,-0.073797395417632,-0.468101727138119,-0.369525644207997,0.419083019232977,0.419083019232977,0.616235185093221,1.01053951681371,1.10911559974383,1.79914818025468,1.70057209732456,0.714811268023344,0.5176591021631,0.123354770442612,-0.862406058858607,-0.763829975928485,0.0247786875124903,-0.270949561277876,-0.566677810068242,-0.665253892998363,-0.369525644207997,-0.468101727138119,-0.073797395417632,0.123354770442612,0.221930853372734,-0.369525644207997,-0.073797395417632,0.0247786875124903,-0.172373478347754,-0.665253892998364,-0.0737973954176313,-0.073797395417632,-0.665253892998363,-0.468101727138119,-0.369525644207997,-0.270949561277876,-1.05955822471885,-1.05955822471885,-0.960982141788729,-0.862406058858607,-1.45386255643934,-1.05955822471885,-1.15813430764897,-1.35528647350922,-1.38814516781926,-1.55243863936946
ContDeg,RL,<undefined>,3,12,7,0.0970997451984367,-0.441362478174707,0,nochange,3.13142089430116,-0.227606208026578,-0.227606208026578,-0.899411628492125,-0.899411628492125,-0.899411628492125,-0.899411628492125,-0.227606208026578,-0.563508918259351,0.108296502206196,0.780101922671743,0.108296502206196,-0.227606208026578,0.780101922671743,0.108296502206196,-0.227606208026578,0.444199212438969,0.444199212438969,0.444199212438969,0.780101922671743,1.11600463290452,1.45190734313729,1.11600463290452,0.108296502206196,0.444199212438969,0.780101922671743,0.108296502206196,0.444199212438969,1.11600463290452,0.444199212438969,-0.563508918259351,-0.899411628492125,-1.2353143387249,-1.90711975919045,-1.90711975919045,-1.2353143387249,-1.2353143387249,-1.2353143387249,-0.899411628492125,-0.563508918259351,-1.2353143387249,-0.899411628492125,-0.563508918259351,-0.899411628492125,-0.563508918259351,0.108296502206196,-0.227606208026578,1.45190734313729,1.78781005337006,2.12371276360284,1.78781005337006,1.78781005337006,-0.227606208026578,-0.227606208026578,-0.563508918259351,-0.227606208026578,0.108296502206196,0.108296502206196,0.108296502206196,-0.787444058414534,-0.227606208026578
ContDeg,RL,<undefined>,4,12,7,-0.143395227400589,0.651796488184503,1,increase,-1.548294098352,-1.45964575970035,-1.12278207282406,-0.910026060060094,-0.431325031341161,-0.431325031341162,-0.963215063251085,-1.01640406644208,-0.590892040914139,-1.33553808558803,-0.750459050487115,-0.112191012195207,-0.324947024959177,-0.537703037723147,-0.165380015386199,-0.37813602815017,-0.590892040914139,-0.271758021768184,-0.484514034532154,-0.271758021768185,-0.644081044105131,-0.803648053678109,-0.910026060060094,-1.17597107601506,-0.963215063251086,-0.963215063251085,-0.484514034532154,-0.537703037723147,0.419699019714718,1.16434506438861,1.58985708991655,1.2175340675796,1.74942409948953,1.43029008034357,0.738833038860672,0.845211045242657,1.2707230707706,1.53666808672556,1.53666808672556,1.58985708991655,1.32391207396159,1.48347908353457,1.53666808672556,1.43029008034357,1.48347908353457,1.69623509629854,1.37710107715258,0.472888022905711,0.47288802290571,-0.218569018577192,-0.484514034532154,-0.484514034532154,-0.165380015386201,-0.856837056869101,-0.537703037723147,-0.324947024959177,-0.644081044105131,-0.324947024959177,-0.112191012195208,-0.484514034532154,-1.548294098352
ContDeg,RL,M25,1,3,3,-0.0762425522261658,0.346557055573483,0,nochange,2.2594194302433,-0.0215004745120382,0.0355225231068462,-0.306615462606455,0.0355225231068462,-0.135546469749805,-0.306615462606455,-0.477684455463105,-0.648753448319756,-0.477684455463105,0.0355225231068457,0.548729501676797,0.206591515963496,-0.306615462606455,0.0355225231068457,-0.648753448319756,-1.33302941974636,-0.819822441176406,-0.306615462606455,-1.16196042688971,-0.990891434033057,-0.306615462606455,0.206591515963497,-0.135546469749805,0.548729501676797,0.719798494533448,0.890867487390098,0.206591515963497,0.206591515963496,0.0355225231068462,-0.135546469749805,-0.135546469749805,0.548729501676797,0.719798494533448,0.377660508820147,0.377660508820147,0.548729501676797,-0.306615462606455,0.377660508820147,0.548729501676797,1.74621245167335,1.74621245167335,2.77262640881326,1.91728144453,2.43048842309995,1.40407446596005,0.548729501676797,-0.477684455463106,-0.306615462606455,-1.16196042688971,-1.33302941974636,-1.16196042688971,-1.16196042688971,-1.33302941974636,-1.50409841260301,-1.84623639831631,-1.67516740545966,-0.990891434033057,-0.648753448319756,0.833844489771215,-0.306615462606455
ContDeg,RL,M25,2,3,3,0.0963079585148525,-0.437763447794783,1,decrease,-0.437763447794783,-0.437763447794783,-0.437763447794783,-0.437763447794783,-0.437763447794783,-0.437763447794783,1.51615633138681,1.51615633138681,1.51615633138681,3.4700761105684,3.4700761105684,1.51615633138681,1.51615633138681,1.51615633138681,-0.437763447794783,-0.437763447794783,-0.437763447794783,-0.437763447794783,-0.437763447794783,-0.437763447794783,-0.437763447794783,-0.437763447794783,-0.437763447794783,-0.437763447794783,-0.437763447794783,-0.437763447794783,-0.437763447794783,-0.437763447794783,-0.437763447794783,-0.437763447794783,-0.437763447794783,-0.437763447794783,-0.437763447794783,-0.437763447794783,-0.437763447794783,-0.437763447794783,-0.437763447794783,-0.437763447794783,-0.437763447794783,-0.437763447794783,-0.437763447794783,-0.437763447794783,-0.437763447794783,-0.437763447794783,-0.437763447794783,-0.437763447794783,-0.437763447794783,-0.437763447794783,-0.437763447794783,-0.437763447794783,-0.437763447794783,-0.437763447794783,-0.437763447794783,-0.437763447794783,-0.437763447794783,-0.437763447794783,-0.437763447794783,1.51615633138681,1.51615633138681,2.81876951750787,-0.437763447794783
ContDeg,RL,M25,3,3,3,0.184373107103369,-0.838059577742593,1,decrease,4.67827061293274,1.67432842989172,0.472751556675307,-0.128036879932897,-0.728825316541102,-0.728825316541102,-0.728825316541102,-0.128036879932897,-0.728825316541102,-0.728825316541102,-0.128036879932897,-0.128036879932897,-0.128036879932897,-0.128036879932897,-0.128036879932897,-0.128036879932897,0.472751556675307,-0.128036879932897,0.472751556675307,0.472751556675307,-0.128036879932897,-0.728825316541102,-0.728825316541102,-1.32961375314931,-1.32961375314931,-1.32961375314931,-1.32961375314931,-0.728825316541102,-0.728825316541102,-0.728825316541102,-0.728825316541102,-0.728825316541102,-1.32961375314931,-0.728825316541102,-0.728825316541102,-0.128036879932897,-0.128036879932897,0.472751556675307,-0.128036879932897,-0.128036879932897,-0.128036879932897,0.472751556675307,0.472751556675307,0.472751556675307,0.472751556675307,0.472751556675307,-0.128036879932897,-0.728825316541102,-0.128036879932897,-0.128036879932897,-0.728825316541102,-0.128036879932897,-0.128036879932897,-0.128036879932897,0.472751556675307,1.07353999328351,1.67432842989172,1.67432842989172,1.67432842989172,1.67432842989172,1.67432842989172
ContDeg,RL,M25,4,3,3,-0.0857903666254596,0.389956211933906,0,nochange,-2.51431069206222,-1.82281857206315,-1.68452014806333,-1.68452014806333,-2.09941542006278,-1.68452014806333,-1.26962487606388,-0.854729604064435,-0.439834332064988,-0.0249390600655411,-0.439834332064988,-0.854729604064435,-1.26962487606388,-0.854729604064435,-0.0249390600655411,0.804851483933353,1.2197467559328,0.804851483933353,0.804851483933353,-0.0249390600655404,-0.439834332064988,-0.439834332064988,0.389956211933907,-0.0249390600655404,-0.0249390600655411,0.389956211933906,0.389956211933906,0.804851483933353,0.804851483933353,0.804851483933353,-0.0249390600655404,0.389956211933907,0.389956211933907,-0.0249390600655404,-0.0249390600655404,0.389956211933907,-0.0249390600655404,-0.0249390600655404,-0.0249390600655404,-0.0249390600655404,-0.0249390600655404,-0.439834332064988,-0.854729604064435,-0.439834332064988,-0.439834332064988,-0.439834332064988,-0.0249390600655404,-0.0249390600655404,-0.0249390600655411,0.389956211933907,0.804851483933353,0.389956211933906,0.389956211933906,1.2197467559328,1.2197467559328,0.389956211933906,1.2197467559328,0.804851483933353,0.804851483933353,1.63464202793225,3.70911838792948
ContDeg,RL,M25,5,3,3,-0.00415925225965266,0.0189056920893296,0,nochange,-1.49473128081262,-1.49473128081262,-1.49473128081262,-1.49473128081262,-1.49473128081262,-1.49473128081262,-0.900088184315428,-0.900088184315428,-0.900088184315428,0.289198008678965,1.47848420167336,1.47848420167336,1.47848420167336,1.47848420167336,0.289198008678965,-0.305445087818232,0.289198008678965,0.289198008678965,0.289198008678965,0.88384110517616,0.289198008678965,-0.305445087818232,-0.305445087818232,-0.305445087818232,0.289198008678965,0.88384110517616,0.88384110517616,0.88384110517616,0.88384110517616,-0.305445087818232,-0.305445087818232,-0.900088184315428,-0.305445087818232,-0.305445087818232,-0.305445087818232,-0.900088184315428,-0.900088184315428,-0.900088184315428,-0.900088184315428,-0.900088184315428,-0.305445087818232,-0.305445087818232,-0.305445087818232,0.289198008678965,0.289198008678965,-0.305445087818232,-0.305445087818232,-0.900088184315428,-0.305445087818232,-0.305445087818232,0.88384110517616,0.88384110517616,0.88384110517616,0.289198008678965,0.289198008678965,0.289198008678965,0.289198008678965,0.289198008678965,0.88384110517616,0.487412374178029,4.45169968415934
ContDeg,RL,M25,6,3,3,0.0728518331470928,-0.33114469612315,0,nochange,-0.8664082364812,1.23641281492543,0.395284394362775,0.8158486046441,0.395284394362775,0.8158486046441,0.8158486046441,0.8158486046441,0.395284394362775,-0.445844026199875,-0.8664082364812,-0.8664082364812,-0.0252798159185498,0.8158486046441,0.8158486046441,0.8158486046441,1.23641281492543,0.395284394362775,-0.445844026199875,-0.445844026199875,-0.445844026199875,-0.8664082364812,-0.8664082364812,-0.8664082364812,-0.8664082364812,-0.8664082364812,-0.445844026199875,-0.445844026199875,-0.0252798159185498,-0.0252798159185498,-0.0252798159185498,-0.445844026199875,-0.0252798159185498,-0.445844026199875,-0.445844026199875,-0.445844026199875,-0.445844026199875,-0.8664082364812,-0.8664082364812,-0.8664082364812,-0.8664082364812,-0.8664082364812,-0.8664082364812,-0.0252798159185498,-0.0252798159185498,-0.0252798159185498,-0.0252798159185498,-0.0252798159185498,-0.8664082364812,-0.8664082364812,-0.445844026199875,-0.445844026199875,-0.445844026199875,-0.445844026199875,-0.0252798159185498,-0.445844026199875,-0.0252798159185498,1.65697702520675,2.4981054457694,4.04017421680093,3.33923386633205
